<?xml version="1.0" encoding="UTF-8" ?>
<!DOCTYPE mapper PUBLIC "-//mybatis.org//DTD Mapper 3.0//EN"
"http://mybatis.org/dtd/mybatis-3-mapper.dtd">
<mapper namespace="org.newboy.dao.DepartDao">

	<!-- 添加一个部门，返回自增长主键值 -->
    <insert id="addDepart" parameterType="depart" useGeneratedKeys="true" keyProperty="departId">
		insert into depart(depart_name,description) values(#{departName},#{description})
	 </insert>
	 
<!--  <insert id="addDepart" parameterType="depart">  
        oracle等不支持id自增长的，可根据其id生成策略，先获取id  
       <selectKey resultType="int" order="BEFORE" keyProperty="departId">  
             select seq_depart_id.nextval as depart_id from dual  
       </selectKey>  
         insert into depart(depart_id, depart_name,description) values(#{depart_id},#{departName},#{description})
  </insert> -->
  
  <!-- 通过id查询一个部门 -->
  <select id="findDepartById" resultType="depart" parameterType="int">
  		select depart_id as departId, depart_name as departName, description from depart where depart_id = #{departId}
  </select>
	 

	<!-- 通过id删除一个部门 -->
    <delete id="deleteDepart" parameterType="int">  
        delete from depart where depart_id = #{departId}  
    </delete>  
      
     <!-- 更新一个部门 -->
    <update id="updateDepart" parameterType="Depart" >  
        update depart set depart_name = #{departName}, description = #{description} where depart_id = #{departId}  
    </update>  
</mapper>