<?xml version="1.0" encoding="UTF-8" ?>
<!DOCTYPE mapper PUBLIC "-//mybatis.org//DTD Mapper 3.0//EN"
"http://mybatis.org/dtd/mybatis-3-mapper.dtd">
<mapper namespace="org.newboy.dao.DepartDao">

	<insert id="addDepart" parameterType="depart">
		<!-- 调用mysql的系统函数，得到最后插入记录的id，在运行SQL之后得到 -->
		<selectKey keyProperty="departId" resultType="int" order="AFTER">
			SELECT LAST_INSERT_ID()
		</selectKey>
		insert into depart(depart_name,description)
		values(#{departName},#{description})
	</insert>


	<!-- 查询某一列的数据，string已经由mybatis定义成了java.lang.String别名 -->
	<select id="findDepartNames" resultType="string">
		select depart_name as
		departName from depart
	</select>

	<!-- 查询多列 -->
	<select id="findColumns" resultType="map">
		select depart_id,
		depart_name from depart
	</select>

	<!-- 查询一共有多少个部门 -->
	<select id="findCount" resultType="long">
		select count(*) from depart
	</select>
	
	    <!-- 分页查询 -->
	<select id="findByPage" resultType="depart">
		select * from depart limit #{pageIndex}, #{pageSize}
	</select>
	


</mapper>