<?xml version="1.0" encoding="UTF-8"?>
<beans xmlns="http://www.springframework.org/schema/beans"
	xmlns:xsi="http://www.w3.org/2001/XMLSchema-instance" xmlns:p="http://www.springframework.org/schema/p"
	xmlns:context="http://www.springframework.org/schema/context"
	xmlns:util="http://www.springframework.org/schema/util"
	xsi:schemaLocation="http://www.springframework.org/schema/beans http://www.springframework.org/schema/beans/spring-beans-3.1.xsd
		http://www.springframework.org/schema/util http://www.springframework.org/schema/util/spring-util-3.1.xsd
		http://www.springframework.org/schema/context http://www.springframework.org/schema/context/spring-context-3.1.xsd">

	<context:component-scan base-package="org.newboy"></context:component-scan>
	<bean
		class="org.springframework.web.servlet.mvc.annotation.AnnotationMethodHandlerAdapter"
		p:messageConverters-ref="messageConverters" />

	<!-- 定义1个消息转换的工具类bean集合 -->
	<util:list id="messageConverters">
		<!-- 转换成JSON的消息转换类 -->
		<bean
			class="org.springframework.http.converter.json.MappingJacksonHttpMessageConverter"></bean>
	</util:list>

	<!-- 这里可以引用多个拦截器，按照这里的配置先后顺序执行 -->
	<!--1） 首先定义拦截器bean -->
	<bean id="intercepetorA" class="org.newboy.web.MyInterceptor" />
	<!-- 第2个拦截器：登录拦截器  -->
    <bean id="loginIntercepetor" class="org.newboy.web.LoginInterceptor" />
	<!--2） 然后定义bean,拦截器使用在这个bean上，因为此案例是用的注解 -->
	<bean
		class="org.springframework.web.servlet.mvc.annotation.DefaultAnnotationHandlerMapping">
		<!-- 配置装配哪些拦截器 -->
		<property name="interceptors">
			<list>
				<!-- 如果有多个，依次放在下面 -->
				<ref bean="intercepetorA" />
				<!--加上登录拦截器 -->
				<ref bean="loginIntercepetor" />
			</list>
		</property>
	</bean>

	<!-- 配置一个视图解析器 -->
	<bean
		class="org.springframework.web.servlet.view.InternalResourceViewResolver">
		<property name="prefix" value="/WEB-INF/jsp/" />
		<property name="suffix" value=".jsp" />
	</bean>


</beans>