<?xml version="1.0" encoding="UTF-8"?>
<!DOCTYPE configuration PUBLIC "-//mybatis.org//DTD Config 3.0//EN" "http://mybatis.org/dtd/mybatis-3-config.dtd">
<configuration>
	<!-- 
	使用properties元素来引入外部properties配置文件的内容, 
	resource：用于引入类路径下资源 
	url：用于引入网络路径或磁盘绝对路径下资源 
	-->
	<properties resource="db.properties" />
	
	<!-- 	
		settings包含很多重要的设置项
        setting表示具体的设置项
           name表示设置项的名字
           value表示设置项的值  -->
	<!-- <settings>
		<setting name="mapUnderscoreToCamelCase" value="true"/>
	</settings>
	 -->
	<!--  
		typeAliases 为java类型起别名，别名不区分大小写 
		typeAlias 为某个具体的java类型取别名 
		type java类的全类名，默认别名就是类名小写 
		alias 自定义别名
		--> 
    <typeAliases>
        <typeAlias type="org.newboy.entity.Depart" alias="depart" />
        <!-- 
		package为某个包下面所有类批量起别名 
		name 表示包的名称 默认别名为类名小写  
		这里重复配置了Depart类，开发的时候只需要配置一种即可 -->
        <!-- <package name="org.newboy.entity" /> -->
    </typeAliases>
	

	   <!-- 
	   environments 环境配置，可以配置多种不同的环境，多个不同的环境可以达到快速切换不同配置的目的
	   		default属性用于指定默认使用某种环境，这里指定为其中一个environment元素的id属性值
       environment 用于配置一个具体的环境信息
       		id属性表示当前环境的唯一标识
      		必须包含如下两个标签
       	transactionManager 表示事物管理器
            type 属性用于设置事务管理器的类型有两个取值 
            	JDBC:  使用JDBC的事务管理器
			   	MANAGED:  用于托管的事务管理器，使用WEB容器或Spring容器来管理事务
       dataSource用于配置数据源，type属性用于指定数据源的类型
			  JNDI:  由Web容器提供
			  POOLED:   使用mybatis自带的连接池
			  UNPOOLED:  不用连接池
         -->
    <environments default="development">
        <environment id="test">
        	<transactionManager type="JDBC" />
            <!-- 配置数据库连接信息 -->
            <dataSource type="POOLED">
                <property name="driver" value="${jdbc.driver}" />
                <property name="url" value="${jdbc.url}" />
                <property name="username" value="${jdbc.name}" />
                <property name="password" value="${jdbc.password}" />
            </dataSource>
        </environment>
        
        <environment id="development">
            <transactionManager type="JDBC" />
            <!-- 配置数据库连接信息 -->
            <dataSource type="POOLED">
                <property name="driver" value="${jdbc.driver}" />
                <property name="url" value="${jdbc.url}" />
                <property name="username" value="${jdbc.name}" />
                <property name="password" value="${jdbc.password}" />
            </dataSource>
        </environment>
    </environments>

	<!-- 配置SQL映射文件 -->
	<mappers>
		<!-- 指定一个XxxMapper.xml文件 -->
		<mapper resource="org/newboy/mapper/DepartMapper.xml" />
	</mappers>

</configuration>