<?xml version="1.0" encoding="UTF-8"?>
<beans xmlns="http://www.springframework.org/schema/beans"
	xmlns:xsi="http://www.w3.org/2001/XMLSchema-instance"
	xsi:schemaLocation="http://www.springframework.org/schema/beans 
	http://www.springframework.org/schema/beans/spring-beans-4.2.xsd">
	<!-- 发动机类 -->
	<bean id="engine" class="org.newboy.bean.Engine" />
	<!-- 轮胎类 -->
	<bean id="tire" class="org.newboy.bean.Tire" />
	<!-- 汽车类 -->
	<bean id="car" class="org.newboy.bean.Car">
		<description>通过set方法注入engine和tire对象</description>
		<property name="engine" ref="engine" />
		<property name="tire" ref="tire" />
	</bean>
</beans>
