<?xml version="1.0" encoding="UTF-8"?>
<!DOCTYPE configuration PUBLIC "-//mybatis.org//DTD Config 3.0//EN" "http://mybatis.org/dtd/mybatis-3-config.dtd">
<configuration>
	<!-- 加载db.properties属性文件 -->
	<properties resource="db.properties" />

	<settings>
		<!-- 自动完成列名与属性名的驼峰命名的转换 -->
		<setting name="mapUnderscoreToCamelCase" value="true" />
	</settings>

	<!-- 将部门定义别名 -->
	<typeAliases>
		<typeAlias type="org.newboy.entity.Depart" alias="depart" />
	</typeAliases>

	<environments default="development">
		<environment id="development">
			<!-- 使用JDBC的事务管理器 -->
			<transactionManager type="JDBC" />
			<!-- 配置数据库连接信息 -->
			<dataSource type="POOLED">
				<property name="driver" value="${jdbc.driver}" />
				<property name="url" value="${jdbc.url}" />
				<property name="username" value="${jdbc.name}" />
				<property name="password" value="${jdbc.password}" />
			</dataSource>
		</environment>
	</environments>

	<!-- 配置相应的接口文件 -->
	<mappers>
		<mapper class="org.newboy.dao.DepartDao"/>
	</mappers>

</configuration>