<?xml version="1.0" encoding="UTF-8" ?>
<!DOCTYPE mapper PUBLIC "-//mybatis.org//DTD Mapper 3.0//EN"
"http://mybatis.org/dtd/mybatis-3-mapper.dtd">
<mapper namespace="org.newboy.dao.DepartDao">
	<insert id="addDepart" parameterType="depart">
		<!-- 调用mysql的系统函数，得到最后插入记录的id，在运行SQL之后得到 -->
		<selectKey keyProperty="departId" resultType="int" order="AFTER">
			SELECT LAST_INSERT_ID()
		</selectKey>
		insert into depart(depart_name,description)
		values(#{departName},#{description})
	</insert>

	<!-- 通过id删除一个部门 -->
	<delete id="deleteDepart" parameterType="int">
		delete from depart where depart_id = #{departId}
	</delete>

	<!-- 更新一个部门 -->
	<update id="updateDepart" parameterType="depart">
		update depart set depart_name = #{departName}, description = #{description}
		where depart_id = #{departId}
	</update>

	<!-- 查询所有的记录数 -->
	<select id="findAllDeparts" resultType="depart">
		select * from depart 
	</select>
</mapper>