<?xml version="1.0" encoding="UTF-8" ?>
<!DOCTYPE mapper PUBLIC "-//mybatis.org//DTD Mapper 3.0//EN"
"http://mybatis.org/dtd/mybatis-3-mapper.dtd">
<mapper namespace="org.newboy.dao.CustomerDao">
	
	<select id="findByCondition" resultType="customer" parameterType="condition">
		select * from customer
		<!-- 在where标签内部，第1个条件前面的and会自动去掉，第2个以后前面的and不能省略 -->
		<where>
			<!-- 如果名字不为空也不为空字符串 -->
			<if test="name!=null and name!=''">
				<!-- 使用模糊查询，concat是mysql中的函数，用于字符串的拼接，生成'%name%'字符串 -->
				and name like concat('%', #{name}, '%')
			</if>
			<if test="gender!=null and gender!=''">
				and gender = #{gender}
			</if>		
			<!-- 这里的大于和小于要使用转义 -->
			<if test = "min!=null">
				and age &gt;= #{min}
			</if>
			<if test= "max!=null">
				and age &lt;= #{max}
			</if>
		</where>
	</select>
	
	<!-- 定义sql的代码片段，可重用的部分 -->
	<sql id="pageFragment">
		<where>
			<!-- 因为有三个参数，而第1个参数是实体类，所在需要使用"实体类.属性"的方式指定条件 -->
			<if test="condition.name!=null and condition.name!=''">
				<!-- 使用模糊查询，参数值也使用"实体类.属性" -->
				and name like concat('%', #{condition.name}, '%')
			</if>
			<if test="condition.gender!=null and condition.gender!=''">
				and gender = #{condition.gender}
			</if>		
			<!-- 这里的大于和小于要使用转义 -->
			<if test = "condition.min!=null">
				and age &gt;= #{condition.min}
			</if>
			<if test= "condition.max!=null">
				and age &lt;= #{condition.max}
			</if>
		</where>
	</sql>
	
<!-- 
	查询符合条件的1页数据
	需要指定三个查询参数：
	condition：用于封装查询条件
	pageIndex：用于指定页面起始行数，从0开始
	pageSize：指定返回的行数
	所以使用一个map对象封装上面的三个参数
 -->
<select id="findPage" parameterType="map" resultType="customer">
	<!-- 使用include导入上面的sql代码片段，通过id引用 -->
	select * from customer <include refid="pageFragment"/> limit #{pageIndex}, #{pageSize}
</select>
	
<!-- 查询符合条件的记录数，返回长整型，参数因为有三个，所有使用map传递进来 -->
<select id="findCount" parameterType="map" resultType="long">
	<!-- 使用include导入上面的sql代码片段，通过id引用 -->
	select count(id) from customer <include refid="pageFragment"/>
</select>

<!-- 批量删除 -->
<delete id="deleteAll">
	delete from customer where id in
	<!-- 使用foreach标签迭代数组或集合
		collection: 指定迭代的是数组还集合， 数组使用array、集合使用list
		item: 数组或集合中的每一个元素
		open: 循环开始前加什么符号 (
		separator: 每次循环时中间加什么分隔符 ,
		close: 循环结束后最后加什么符号 )
	 -->
	<foreach collection="array" item="id" open="(" separator="," close=")">
		#{id}
	</foreach>
</delete>	

<!-- 批量添加 -->
<insert id="saveAll" parameterType="list">
	<!-- 这里没有开始和结束的符号，每个迭代的元素就是(?,?,?) ，三个元素使用，分隔 -->
	insert into  customer (name,gender,age,title,phone,email)  values 
	<foreach collection="list" item="c" separator=",">
		(#{c.name},#{c.gender},#{c.age},#{c.title},#{c.phone},#{c.email})
	</foreach>
</insert>

<!-- choose标签的使用 -->
<select id="findByChoose" parameterType="customer" resultType="customer">
	select * from customer
	<where>
		<choose>
			<when test="name != null">
				and name like concat('%', #{name}, '%')
			</when>
			<when test="gender!=null">
				and gender = #{gender}
			</when>
			<when test="phone != null">
				and phone like concat('%', #{phone}, '%')
			</when>
			<otherwise>
				<!-- 如果所有的条件都不满足，则按id去查询 -->
				and id = #{id}
			</otherwise>
		</choose>
	</where>
</select>
</mapper>