<?xml version="1.0" encoding="UTF-8"?>
<!DOCTYPE configuration PUBLIC "-//mybatis.org//DTD Config 3.0//EN" "http://mybatis.org/dtd/mybatis-3-config.dtd">
<configuration>
	<!-- 导入数据库的配置属性 -->
	<properties resource="db.properties" />
	
	<!-- 将表中有下划线的列名，映射成JavaBean属性的驼峰命名 -->
	<settings>
		<setting name="mapUnderscoreToCamelCase" value="true"/>
	</settings>
	
    <typeAliases>
    	<!-- 给指定包下所有的实体类定义别名 -->
        <package name="org.newboy.entity" />
    </typeAliases>
    
  
    <environments default="development">
        <environment id="development">
            <transactionManager type="JDBC" />
            <!-- 配置数据库连接信息 -->
            <dataSource type="POOLED">
                <property name="driver" value="${jdbc.driver}" />
                <property name="url" value="${jdbc.url}" />
                <property name="username" value="${jdbc.name}" />
                <property name="password" value="${jdbc.password}" />
            </dataSource>
        </environment>
    </environments>

	<!-- 配置SQL映射文件 -->
	<mappers>
		<mapper resource="org/newboy/mapper/StudentMapper.xml" />
		<mapper resource="org/newboy/mapper/CourseMapper.xml" />
	</mappers>

</configuration>